Variables,Coeficientes
Distance,1.0335524468390014
Cultural,315.1383128070375
Government_prioritization,-475.20117151444754
Segurity_homocide,1177.9123038582907
Segurity_terrorism,-324.05560087620853
Natural_resources,-213.61131414581368
Price_competitiveness,-868.5089774824996
Service_infrastructure,213.37060368347457
Visa_requirements,-746.0586865120932
